<?xml version="1.0" encoding="UTF-8"?>
<robot generated="20160707 11:37:43.105" generator="Robot 2.8.7 (Python 2.7.10 on darwin)">
<suite source="/Users/atomateqa/Desktop/ZugarZnap/zugarznap-cms/webroot/tests/Tests Robot/Main.robot" id="s1" name="Main">
<test id="s1-t1" name="View and accept cookie policy">
<kw type="kw" name="Authorization.Open SiteUrl">
<doc></doc>
<arguments>
<arg>${SiteUrl}auth/login</arg>
</arguments>
<kw type="kw" name="Selenium2Library.Open Browser">
<doc>Opens a new browser instance to given URL.</doc>
<arguments>
<arg>${SiteUrl}</arg>
<arg>${Browser}</arg>
</arguments>
<msg timestamp="20160707 11:37:43.654" level="INFO">Opening browser 'Firefox' to base url 'http://zz-dev.atomateapps.com/auth/login'</msg>
<status status="PASS" endtime="20160707 11:37:47.340" starttime="20160707 11:37:43.654"></status>
</kw>
<kw type="kw" name="Selenium2Library.Maximize Browser Window">
<doc>Maximizes current browser window.</doc>
<arguments>
</arguments>
<status status="PASS" endtime="20160707 11:37:47.913" starttime="20160707 11:37:47.341"></status>
</kw>
<status status="PASS" endtime="20160707 11:37:47.913" starttime="20160707 11:37:43.652"></status>
</kw>
<kw type="kw" name="Selenium2Library.Page Should Contain Element">
<doc>Verifies element identified by `locator` is found on the current page.</doc>
<arguments>
<arg>xpath=//a[@href="/cookie-policy"]</arg>
</arguments>
<msg timestamp="20160707 11:37:47.974" level="INFO">Current page contains element 'xpath=//a[@href="/cookie-policy"]'.</msg>
<status status="PASS" endtime="20160707 11:37:47.974" starttime="20160707 11:37:47.914"></status>
</kw>
<kw type="kw" name="Selenium2Library.Click Element">
<doc>Click element identified by `locator`.</doc>
<arguments>
<arg>xpath=//img[@onclick="acceptCookies();"]</arg>
</arguments>
<msg timestamp="20160707 11:37:47.975" level="INFO">Clicking element 'xpath=//img[@onclick="acceptCookies();"]'.</msg>
<status status="PASS" endtime="20160707 11:37:48.081" starttime="20160707 11:37:47.975"></status>
</kw>
<kw type="kw" name="BuiltIn.Sleep">
<doc>Pauses the test executed for the given time.</doc>
<arguments>
<arg>${Delay}</arg>
</arguments>
<msg timestamp="20160707 11:37:53.087" level="INFO">Slept 5 seconds</msg>
<status status="PASS" endtime="20160707 11:37:53.088" starttime="20160707 11:37:48.082"></status>
</kw>
<kw type="kw" name="Selenium2Library.Element Should Not Be Visible">
<doc>Verifies that the element identified by `locator` is NOT visible.</doc>
<arguments>
<arg>xpath=//a[@href="/cookie-policy"]</arg>
</arguments>
<msg timestamp="20160707 11:37:53.089" level="INFO">Verifying element 'xpath=//a[@href="/cookie-policy"]' is not visible.</msg>
<status status="PASS" endtime="20160707 11:37:53.112" starttime="20160707 11:37:53.088"></status>
</kw>
<doc></doc>
<tags>
</tags>
<status status="PASS" endtime="20160707 11:37:53.112" critical="yes" starttime="20160707 11:37:43.652"></status>
</test>
<doc></doc>
<metadata>
</metadata>
<status status="PASS" endtime="20160707 11:37:53.113" starttime="20160707 11:37:43.106"></status>
</suite>
<statistics>
<total>
<stat fail="0" pass="1">Critical Tests</stat>
<stat fail="0" pass="1">All Tests</stat>
</total>
<tag>
</tag>
<suite>
<stat fail="0" pass="1" id="s1" name="Main">Main</stat>
</suite>
</statistics>
<errors>
</errors>
</robot>
